county,date,year,NDVI
adair,2025-04-07,2025,0.3164388821189206
adair,2025-04-23,2025,0.3811935510247972
adair,2025-05-09,2025,0.3911630889829862
adair,2025-05-25,2025,0.459447600546832
adair,2025-06-10,2025,0.6177400843799766
adair,2025-06-26,2025,0.769949407548117
adair,2025-07-12,2025,0.8898741480848116
adair,2025-07-28,2025,0.8794462527712791
adams,2025-04-07,2025,0.3273826680553097
adams,2025-04-23,2025,0.3855710210851166
adams,2025-05-09,2025,0.4031349826188382
adams,2025-05-25,2025,0.4755080039047422
adams,2025-06-10,2025,0.6472547698822295
adams,2025-06-26,2025,0.7338104184130136
adams,2025-07-12,2025,0.8921923612669842
adams,2025-07-28,2025,0.8950057612900011
allamakee,2025-04-07,2025,0.2838339467080115
allamakee,2025-04-23,2025,0.3946017689342687
allamakee,2025-05-09,2025,0.444604041273342
allamakee,2025-05-25,2025,0.5092813106561299
allamakee,2025-06-10,2025,0.6845817973385077
allamakee,2025-06-26,2025,0.814644204962024
allamakee,2025-07-12,2025,0.8524625111831254
allamakee,2025-07-28,2025,0.867773198307692
appanoose,2025-04-07,2025,0.3393595865919991
appanoose,2025-04-23,2025,0.4518404989172985
appanoose,2025-05-09,2025,0.4806001226406839
appanoose,2025-05-25,2025,0.567892638345654
appanoose,2025-06-10,2025,0.6830340221681513
appanoose,2025-06-26,2025,0.8672953774994508
appanoose,2025-07-12,2025,0.8970933977539082
appanoose,2025-07-28,2025,0.8778849821394462
audubon,2025-04-07,2025,0.2640090215817957
audubon,2025-04-23,2025,0.305893606135431
audubon,2025-05-09,2025,0.3121117310197827
audubon,2025-05-25,2025,0.3893314071715436
audubon,2025-06-10,2025,0.57846001994976
audubon,2025-06-26,2025,0.8560164027073449
audubon,2025-07-12,2025,0.8991694186457475
audubon,2025-07-28,2025,0.8915250800915763
benton,2025-04-07,2025,0.2516066291342245
benton,2025-04-23,2025,0.3233674305683178
benton,2025-05-09,2025,0.3329679760867149
benton,2025-05-25,2025,0.3358697001347113
benton,2025-06-10,2025,0.642434768124353
benton,2025-06-26,2025,0.8577833534096717
benton,2025-07-12,2025,0.9054245098128404
benton,2025-07-28,2025,0.9035080379655084
black hawk,2025-04-07,2025,0.2554197822254199
black hawk,2025-04-23,2025,0.3164248697068406
black hawk,2025-05-09,2025,0.3354846526042818
black hawk,2025-05-25,2025,0.338492149441827
black hawk,2025-06-10,2025,0.6302984728107904
black hawk,2025-06-26,2025,0.8063895214414482
black hawk,2025-07-12,2025,0.8748154430599934
black hawk,2025-07-28,2025,0.897646563478385
boone,2025-04-07,2025,0.2552547241746106
boone,2025-04-23,2025,0.3206597304737578
boone,2025-05-09,2025,0.3387171752039417
boone,2025-05-25,2025,0.4235899862131874
boone,2025-06-10,2025,0.6810553663459136
boone,2025-06-26,2025,0.8712462370395783
boone,2025-07-12,2025,0.9052967790039312
boone,2025-07-28,2025,0.9004644526798856
bremer,2025-04-07,2025,0.254743942683662
bremer,2025-04-23,2025,0.3149209621525572
bremer,2025-05-09,2025,0.3523571364775834
bremer,2025-05-25,2025,0.3603809580471559
bremer,2025-06-10,2025,0.6317645988273525
bremer,2025-06-26,2025,0.8155777684913723
bremer,2025-07-12,2025,0.8927084494002127
bremer,2025-07-28,2025,0.8937596423844303
buchanan,2025-04-07,2025,0.2463931270338595
buchanan,2025-04-23,2025,0.317279931598911
buchanan,2025-05-09,2025,0.340044560089927
buchanan,2025-05-25,2025,0.3528612176424314
buchanan,2025-06-10,2025,0.6538651371857523
buchanan,2025-06-26,2025,0.8352138003567102
buchanan,2025-07-12,2025,0.8752499553459114
buchanan,2025-07-28,2025,0.8895017505849891
buena vista,2025-04-07,2025,0.2452604937477328
buena vista,2025-04-23,2025,0.2744655067748608
buena vista,2025-05-09,2025,0.2836283719306995
buena vista,2025-05-25,2025,0.354933615776464
buena vista,2025-06-10,2025,0.5541331735477952
buena vista,2025-06-26,2025,0.8380729192088032
buena vista,2025-07-12,2025,0.891781397786195
buena vista,2025-07-28,2025,0.920749026173222
butler,2025-04-07,2025,0.2496449138543629
butler,2025-04-23,2025,0.3040888646551772
butler,2025-05-09,2025,0.3313962295162067
butler,2025-05-25,2025,0.3789107074367839
butler,2025-06-10,2025,0.6468712115355192
butler,2025-06-26,2025,0.8033372428366456
butler,2025-07-12,2025,0.8815326764244997
butler,2025-07-28,2025,0.8845366964105468
calhoun,2025-04-07,2025,0.2470387281861458
calhoun,2025-04-23,2025,0.2810006055758349
calhoun,2025-05-09,2025,0.3034456822076877
calhoun,2025-05-25,2025,0.3842468348480357
calhoun,2025-06-10,2025,0.6009911177198765
calhoun,2025-06-26,2025,0.8720296155217786
calhoun,2025-07-12,2025,0.8977207760627892
calhoun,2025-07-28,2025,0.9206376764533116
carroll,2025-04-07,2025,0.2617641785207257
carroll,2025-04-23,2025,0.300855570308175
carroll,2025-05-09,2025,0.307688188660847
carroll,2025-05-25,2025,0.3860613738750272
carroll,2025-06-10,2025,0.6353630877593325
carroll,2025-06-26,2025,0.887367094286218
carroll,2025-07-12,2025,0.8972853967319421
carroll,2025-07-28,2025,0.9212367746942826
cass,2025-04-07,2025,0.2969642691644385
cass,2025-04-23,2025,0.3497084483167603
cass,2025-05-09,2025,0.3490622976597274
cass,2025-05-25,2025,0.4212593932516555
cass,2025-06-10,2025,0.6184146034615766
cass,2025-06-26,2025,0.7236047559393679
cass,2025-07-12,2025,0.8957305614644699
cass,2025-07-28,2025,0.9050134261663428
cedar,2025-04-07,2025,0.2583025521383945
cedar,2025-04-23,2025,0.3175570546704611
cedar,2025-05-09,2025,0.3327290597715591
cedar,2025-05-25,2025,0.3747588121095622
cedar,2025-06-10,2025,0.6439233400362239
cedar,2025-06-26,2025,0.8301422689904983
cedar,2025-07-12,2025,0.9146190263187048
cedar,2025-07-28,2025,0.9171622180164845
cerro gordo,2025-04-07,2025,0.2538208566543883
cerro gordo,2025-04-23,2025,0.2910034432081347
cerro gordo,2025-05-09,2025,0.3227333817050827
cerro gordo,2025-05-25,2025,0.3752618035732529
cerro gordo,2025-06-10,2025,0.584666905734737
cerro gordo,2025-06-26,2025,0.7395439523394067
cerro gordo,2025-07-12,2025,0.8737815026544568
cerro gordo,2025-07-28,2025,0.8994505890946575
cherokee,2025-04-07,2025,0.2581645431550536
cherokee,2025-04-23,2025,0.2979706505543629
cherokee,2025-05-09,2025,0.2942848895823597
cherokee,2025-05-25,2025,0.3821918541559008
cherokee,2025-06-10,2025,0.5556669652279009
cherokee,2025-06-26,2025,0.8406752304363215
cherokee,2025-07-12,2025,0.8925966568211777
cherokee,2025-07-28,2025,0.9238277197879252
chickasaw,2025-04-07,2025,0.2444516741859308
chickasaw,2025-04-23,2025,0.3076587622606591
chickasaw,2025-05-09,2025,0.3465904980613555
chickasaw,2025-05-25,2025,0.3734064261393367
chickasaw,2025-06-10,2025,0.5932026303622804
chickasaw,2025-06-26,2025,0.7958671081054695
chickasaw,2025-07-12,2025,0.8791551527538928
chickasaw,2025-07-28,2025,0.8955365231625406
clarke,2025-04-07,2025,0.3446826146187793
clarke,2025-04-23,2025,0.463713314930422
clarke,2025-05-09,2025,0.4805173961206711
clarke,2025-05-25,2025,0.5530343300471937
clarke,2025-06-10,2025,0.6813261815882052
clarke,2025-06-26,2025,0.840656350297025
clarke,2025-07-12,2025,0.8667850908577435
clarke,2025-07-28,2025,0.8611399949087045
clay,2025-04-07,2025,0.2467236608659222
clay,2025-04-23,2025,0.2828266078470668
clay,2025-05-09,2025,0.2847470734428825
clay,2025-05-25,2025,0.3776479514960344
clay,2025-06-10,2025,0.5732098873497847
clay,2025-06-26,2025,0.8481903488567927
clay,2025-07-12,2025,0.8926616059886997
clay,2025-07-28,2025,0.9219201468529578
clayton,2025-04-07,2025,0.2683003923640106
clayton,2025-04-23,2025,0.3579724496242709
clayton,2025-05-09,2025,0.3816042903849175
clayton,2025-05-25,2025,0.4413529015577476
clayton,2025-06-10,2025,0.6418601121834933
clayton,2025-06-26,2025,0.8277781468625371
clayton,2025-07-12,2025,0.8650757723531366
clayton,2025-07-28,2025,0.8975028213576778
clinton,2025-04-07,2025,0.2794120240252148
clinton,2025-04-23,2025,0.3299362198287091
clinton,2025-05-09,2025,0.3458900389415477
clinton,2025-05-25,2025,0.4029542484464243
clinton,2025-06-10,2025,0.6593503266764797
clinton,2025-06-26,2025,0.8272484543607374
clinton,2025-07-12,2025,0.901999946333302
clinton,2025-07-28,2025,0.9023900586203208
crawford,2025-04-07,2025,0.250925339162362
crawford,2025-04-23,2025,0.2921251819932863
crawford,2025-05-09,2025,0.2985851035336339
crawford,2025-05-25,2025,0.352616697759484
crawford,2025-06-10,2025,0.5662286587645473
crawford,2025-06-26,2025,0.8832829426249189
crawford,2025-07-12,2025,0.8949451973886824
crawford,2025-07-28,2025,0.9166104505876635
dallas,2025-04-07,2025,0.250141800079607
dallas,2025-04-23,2025,0.3280518635101953
dallas,2025-05-09,2025,0.3477728845903202
dallas,2025-05-25,2025,0.431205554733649
dallas,2025-06-10,2025,0.6619468473157135
dallas,2025-06-26,2025,0.8529782040680804
dallas,2025-07-12,2025,0.8927673962108947
dallas,2025-07-28,2025,0.885469860079324
davis,2025-04-07,2025,0.3471411342105263
davis,2025-04-23,2025,0.4560601637119116
davis,2025-05-09,2025,0.4653519277008314
davis,2025-05-25,2025,0.5819057401662052
davis,2025-06-10,2025,0.6898104709141275
davis,2025-06-26,2025,0.8555355524930753
davis,2025-07-12,2025,0.9055620606648204
davis,2025-07-28,2025,0.8930109393351798
decatur,2025-04-07,2025,0.3632621373545321
decatur,2025-04-23,2025,0.4482499700169103
decatur,2025-05-09,2025,0.4751076740718234
decatur,2025-05-25,2025,0.5685728449154678
decatur,2025-06-10,2025,0.7051437721125285
decatur,2025-06-26,2025,0.8499336604155256
decatur,2025-07-12,2025,0.8883252071831484
decatur,2025-07-28,2025,0.8556841805221856
delaware,2025-04-07,2025,0.2668447656851497
delaware,2025-04-23,2025,0.3442780534190457
delaware,2025-05-09,2025,0.3642478224387996
delaware,2025-05-25,2025,0.4019910662716637
delaware,2025-06-10,2025,0.7020498000250557
delaware,2025-06-26,2025,0.8529371954841494
delaware,2025-07-12,2025,0.8718903817882314
delaware,2025-07-28,2025,0.8881129108036215
des moines,2025-04-07,2025,0.2847527585787622
des moines,2025-04-23,2025,0.3474956985783518
des moines,2025-05-09,2025,0.3664580748769501
des moines,2025-05-25,2025,0.4920885625451026
des moines,2025-06-10,2025,0.7051034581124591
des moines,2025-06-26,2025,0.830935594895773
des moines,2025-07-12,2025,0.9064267028434544
des moines,2025-07-28,2025,0.8858815825252373
dickinson,2025-04-07,2025,0.2455909753437455
dickinson,2025-04-23,2025,0.2848170469725668
dickinson,2025-05-09,2025,0.2878612518430623
dickinson,2025-05-25,2025,0.3799850586741473
dickinson,2025-06-10,2025,0.5599482789876516
dickinson,2025-06-26,2025,0.8302920253055254
dickinson,2025-07-12,2025,0.882605087075697
dickinson,2025-07-28,2025,0.9156192655257008
dubuque,2025-04-07,2025,0.3210182740669349
dubuque,2025-04-23,2025,0.3939579931580146
dubuque,2025-05-09,2025,0.4125572376992173
dubuque,2025-05-25,2025,0.4202409155999336
dubuque,2025-06-10,2025,0.6918586506294777
dubuque,2025-06-26,2025,0.834492496511031
dubuque,2025-07-12,2025,0.8649399607765201
dubuque,2025-07-28,2025,0.8790921649384478
emmet,2025-04-07,2025,0.2407826926121044
emmet,2025-04-23,2025,0.2741528286763582
emmet,2025-05-09,2025,0.3025066097654337
emmet,2025-05-25,2025,0.3610293001645944
emmet,2025-06-10,2025,0.5945213410331064
emmet,2025-06-26,2025,0.855368821692352
emmet,2025-07-12,2025,0.8878593533652369
emmet,2025-07-28,2025,0.93034234520117
fayette,2025-04-07,2025,0.246008232577701
fayette,2025-04-23,2025,0.3233814892839993
fayette,2025-05-09,2025,0.3508997316227291
fayette,2025-05-25,2025,0.4003629868454916
fayette,2025-06-10,2025,0.6035222608861397
fayette,2025-06-26,2025,0.7991366894579429
fayette,2025-07-12,2025,0.8794341287983559
fayette,2025-07-28,2025,0.8960611173564724
floyd,2025-04-07,2025,0.2514454815805755
floyd,2025-04-23,2025,0.2971050857144651
floyd,2025-05-09,2025,0.3317303461237718
floyd,2025-05-25,2025,0.3639678482042198
floyd,2025-06-10,2025,0.5938137803784684
floyd,2025-06-26,2025,0.788479040112611
floyd,2025-07-12,2025,0.872359562014627
floyd,2025-07-28,2025,0.9110951467461784
franklin,2025-04-07,2025,0.2583898646454021
franklin,2025-04-23,2025,0.2870529666553287
franklin,2025-05-09,2025,0.3113698215639762
franklin,2025-05-25,2025,0.3750890034585872
franklin,2025-06-10,2025,0.6374789187828239
franklin,2025-06-26,2025,0.7808907679713287
franklin,2025-07-12,2025,0.8753484830361352
franklin,2025-07-28,2025,0.883481401044495
fremont,2025-04-07,2025,0.2628478382522179
fremont,2025-04-23,2025,0.3010166080837121
fremont,2025-05-09,2025,0.3424796915386845
fremont,2025-05-25,2025,0.3977561158674009
fremont,2025-06-10,2025,0.7311651570985254
fremont,2025-06-26,2025,0.846337264503876
fremont,2025-07-12,2025,0.8980273292699062
fremont,2025-07-28,2025,0.9150435350707212
greene,2025-04-07,2025,0.2557473371855794
greene,2025-04-23,2025,0.2940771435797406
greene,2025-05-09,2025,0.3149432597314978
greene,2025-05-25,2025,0.4102192206212388
greene,2025-06-10,2025,0.634631677077911
greene,2025-06-26,2025,0.8763447987334716
greene,2025-07-12,2025,0.9025487679394844
greene,2025-07-28,2025,0.921933087312769
grundy,2025-04-07,2025,0.25029938240271
grundy,2025-04-23,2025,0.3094850824652277
grundy,2025-05-09,2025,0.3104994626293559
grundy,2025-05-25,2025,0.3163531499310302
grundy,2025-06-10,2025,0.6022614372326307
grundy,2025-06-26,2025,0.812034214741959
grundy,2025-07-12,2025,0.908586486320616
grundy,2025-07-28,2025,0.8926808053128521
guthrie,2025-04-07,2025,0.289807281684965
guthrie,2025-04-23,2025,0.3507268289747654
guthrie,2025-05-09,2025,0.3587802515531861
guthrie,2025-05-25,2025,0.4344419978546568
guthrie,2025-06-10,2025,0.6065456059003408
guthrie,2025-06-26,2025,0.872802303036452
guthrie,2025-07-12,2025,0.8857403813877301
guthrie,2025-07-28,2025,0.8969971207941653
hamilton,2025-04-07,2025,0.2524512133885002
hamilton,2025-04-23,2025,0.290984718894852
hamilton,2025-05-09,2025,0.3179873708972873
hamilton,2025-05-25,2025,0.3748534129305053
hamilton,2025-06-10,2025,0.6491032418550161
hamilton,2025-06-26,2025,0.8597170951514845
hamilton,2025-07-12,2025,0.8965760360138092
hamilton,2025-07-28,2025,0.8947814322729956
hancock,2025-04-07,2025,0.2459358853198472
hancock,2025-04-23,2025,0.2821134666246664
hancock,2025-05-09,2025,0.3056940033793945
hancock,2025-05-25,2025,0.3554488295389066
hancock,2025-06-10,2025,0.5598735235901694
hancock,2025-06-26,2025,0.7216929205087832
hancock,2025-07-12,2025,0.87750875721021
hancock,2025-07-28,2025,0.9080185080209908
hardin,2025-04-07,2025,0.2466223726395033
hardin,2025-04-23,2025,0.302207605673341
hardin,2025-05-09,2025,0.325100220050184
hardin,2025-05-25,2025,0.3565489733771367
hardin,2025-06-10,2025,0.6562741956224721
hardin,2025-06-26,2025,0.8275631694465075
hardin,2025-07-12,2025,0.8996811639937189
hardin,2025-07-28,2025,0.8833675023768984
harrison,2025-04-07,2025,0.257082371272698
harrison,2025-04-23,2025,0.2941378602077749
harrison,2025-05-09,2025,0.3467353172101695
harrison,2025-05-25,2025,0.3604195571047514
harrison,2025-06-10,2025,0.5801410231954813
harrison,2025-06-26,2025,0.8700192721097819
harrison,2025-07-12,2025,0.8809054294032583
harrison,2025-07-28,2025,0.9008096569529308
henry,2025-04-07,2025,0.2865168190727652
henry,2025-04-23,2025,0.3583920754944058
henry,2025-05-09,2025,0.372832375135485
henry,2025-05-25,2025,0.4894700720703135
henry,2025-06-10,2025,0.6844858989195695
henry,2025-06-26,2025,0.8372598897627282
henry,2025-07-12,2025,0.9045890211837264
henry,2025-07-28,2025,0.9096296464291036
howard,2025-04-07,2025,0.2420307254790023
howard,2025-04-23,2025,0.301375661179525
howard,2025-05-09,2025,0.3347928686521202
howard,2025-05-25,2025,0.3519430832033831
howard,2025-06-10,2025,0.5689295505750332
howard,2025-06-26,2025,0.7689569162199755
howard,2025-07-12,2025,0.8785266717822857
howard,2025-07-28,2025,0.9187164276905808
humboldt,2025-04-07,2025,0.2546360022361332
humboldt,2025-04-23,2025,0.2859618825004451
humboldt,2025-05-09,2025,0.3048985449466773
humboldt,2025-05-25,2025,0.3720676592438893
humboldt,2025-06-10,2025,0.6095198379561938
humboldt,2025-06-26,2025,0.7908419684720234
humboldt,2025-07-12,2025,0.8981246084392213
humboldt,2025-07-28,2025,0.926576886382357
ida,2025-04-07,2025,0.2543256838490051
ida,2025-04-23,2025,0.2875027339943903
ida,2025-05-09,2025,0.2925135442320841
ida,2025-05-25,2025,0.3485824621141384
ida,2025-06-10,2025,0.5561185584089039
ida,2025-06-26,2025,0.8567296956787699
ida,2025-07-12,2025,0.8899956971283285
ida,2025-07-28,2025,0.9228256465927464
iowa,2025-04-07,2025,0.2795845017020426
iowa,2025-04-23,2025,0.3504837740044007
iowa,2025-05-09,2025,0.365652522058334
iowa,2025-05-25,2025,0.3829685283014903
iowa,2025-06-10,2025,0.6672669498448388
iowa,2025-06-26,2025,0.8544673730377524
iowa,2025-07-12,2025,0.9138948357082624
iowa,2025-07-28,2025,0.906686483453624
jackson,2025-04-07,2025,0.3305483333959695
jackson,2025-04-23,2025,0.4057472411178326
jackson,2025-05-09,2025,0.4381359743024579
jackson,2025-05-25,2025,0.4707283181419225
jackson,2025-06-10,2025,0.6865161286999327
jackson,2025-06-26,2025,0.82157685143222
jackson,2025-07-12,2025,0.906847659653488
jackson,2025-07-28,2025,0.8945498262144067
jasper,2025-04-07,2025,0.2758306083846114
jasper,2025-04-23,2025,0.3526045034967409
jasper,2025-05-09,2025,0.3695287520986315
jasper,2025-05-25,2025,0.4432886443330105
jasper,2025-06-10,2025,0.7247770877713868
jasper,2025-06-26,2025,0.86506647303381
jasper,2025-07-12,2025,0.8940261311085346
jasper,2025-07-28,2025,0.9040964953018056
jefferson,2025-04-07,2025,0.2922117121170735
jefferson,2025-04-23,2025,0.3814538940710731
jefferson,2025-05-09,2025,0.3973551908072927
jefferson,2025-05-25,2025,0.5081914189876333
jefferson,2025-06-10,2025,0.6940380244025003
jefferson,2025-06-26,2025,0.833322299992594
jefferson,2025-07-12,2025,0.8889757819399838
jefferson,2025-07-28,2025,0.9096840704440828
johnson,2025-04-07,2025,0.2851056562322498
johnson,2025-04-23,2025,0.3625225191303052
johnson,2025-05-09,2025,0.380135475033702
johnson,2025-05-25,2025,0.4334546416617706
johnson,2025-06-10,2025,0.6452633262232058
johnson,2025-06-26,2025,0.8130669719877229
johnson,2025-07-12,2025,0.899763976617025
johnson,2025-07-28,2025,0.8980378383912756
jones,2025-04-07,2025,0.2704724255169983
jones,2025-04-23,2025,0.3437907714640096
jones,2025-05-09,2025,0.3666722371572666
jones,2025-05-25,2025,0.3821370142873404
jones,2025-06-10,2025,0.6691224020083948
jones,2025-06-26,2025,0.8293819224474254
jones,2025-07-12,2025,0.8998250856982233
jones,2025-07-28,2025,0.8977468664104056
keokuk,2025-04-07,2025,0.289207103654212
keokuk,2025-04-23,2025,0.3516136798136051
keokuk,2025-05-09,2025,0.3748128254400922
keokuk,2025-05-25,2025,0.4447804253386616
keokuk,2025-06-10,2025,0.7175739085379566
keokuk,2025-06-26,2025,0.8650446188221947
keokuk,2025-07-12,2025,0.9103415790652456
keokuk,2025-07-28,2025,0.912668773557829
kossuth,2025-04-07,2025,0.2490073155992631
kossuth,2025-04-23,2025,0.2801447831674599
kossuth,2025-05-09,2025,0.3082807776384272
kossuth,2025-05-25,2025,0.3810916340240933
kossuth,2025-06-10,2025,0.6221220295743543
kossuth,2025-06-26,2025,0.8235844186831213
kossuth,2025-07-12,2025,0.8786153375805003
kossuth,2025-07-28,2025,0.9170026572614168
lee,2025-04-07,2025,0.3162927256479278
lee,2025-04-23,2025,0.3971642560488335
lee,2025-05-09,2025,0.4097140034747455
lee,2025-05-25,2025,0.5006615986793472
lee,2025-06-10,2025,0.7134085792532103
lee,2025-06-26,2025,0.864309687803144
lee,2025-07-12,2025,0.9047387530060922
lee,2025-07-28,2025,0.8974493340590584
linn,2025-04-07,2025,0.2653175658167238
linn,2025-04-23,2025,0.34273689886214
linn,2025-05-09,2025,0.3664610551501071
linn,2025-05-25,2025,0.3845704232603781
linn,2025-06-10,2025,0.651720472902929
linn,2025-06-26,2025,0.83194193512195
linn,2025-07-12,2025,0.8817663972572107
linn,2025-07-28,2025,0.8897044656010167
louisa,2025-04-07,2025,0.2916459151352243
louisa,2025-04-23,2025,0.3503404687193704
louisa,2025-05-09,2025,0.3683728718580812
louisa,2025-05-25,2025,0.4758020675353027
louisa,2025-06-10,2025,0.6912101731678046
louisa,2025-06-26,2025,0.8261523048142598
louisa,2025-07-12,2025,0.8959051503283834
louisa,2025-07-28,2025,0.905297906445103
lucas,2025-04-07,2025,0.3264332019478581
lucas,2025-04-23,2025,0.4412127997308209
lucas,2025-05-09,2025,0.4656016450299697
lucas,2025-05-25,2025,0.5318384975466917
lucas,2025-06-10,2025,0.7136474304032913
lucas,2025-06-26,2025,0.8316762920085361
lucas,2025-07-12,2025,0.8843363690650086
lucas,2025-07-28,2025,0.8810609774044117
lyon,2025-04-07,2025,0.2712967680120733
lyon,2025-04-23,2025,0.3176946306116074
lyon,2025-05-09,2025,0.2999248088736284
lyon,2025-05-25,2025,0.3958914658068236
lyon,2025-06-10,2025,0.5759252321686457
lyon,2025-06-26,2025,0.8680286612038753
lyon,2025-07-12,2025,0.9076145004938072
lyon,2025-07-28,2025,0.9176178279775468
madison,2025-04-07,2025,0.2995552535776906
madison,2025-04-23,2025,0.3925714079846685
madison,2025-05-09,2025,0.4125462421962194
madison,2025-05-25,2025,0.5029819899165522
madison,2025-06-10,2025,0.6551063392593729
madison,2025-06-26,2025,0.798364182461173
madison,2025-07-12,2025,0.8877351943742083
madison,2025-07-28,2025,0.8720574306305711
mahaska,2025-04-07,2025,0.2866440225001459
mahaska,2025-04-23,2025,0.3632225878185429
mahaska,2025-05-09,2025,0.3785971067754221
mahaska,2025-05-25,2025,0.4882991351694784
mahaska,2025-06-10,2025,0.7357565009148771
mahaska,2025-06-26,2025,0.8803655508436213
mahaska,2025-07-12,2025,0.9191165208718224
mahaska,2025-07-28,2025,0.91182458719561
marion,2025-04-07,2025,0.3040147161245826
marion,2025-04-23,2025,0.4097509325722669
marion,2025-05-09,2025,0.4289282769192337
marion,2025-05-25,2025,0.511689031774094
marion,2025-06-10,2025,0.6996233719839662
marion,2025-06-26,2025,0.8558027379449821
marion,2025-07-12,2025,0.9050435374677376
marion,2025-07-28,2025,0.8951142741001444
marshall,2025-04-07,2025,0.2535668232001304
marshall,2025-04-23,2025,0.3289202654866273
marshall,2025-05-09,2025,0.345261268409197
marshall,2025-05-25,2025,0.3601552079766363
marshall,2025-06-10,2025,0.6698447319424046
marshall,2025-06-26,2025,0.8522452616971579
marshall,2025-07-12,2025,0.9092501903542336
marshall,2025-07-28,2025,0.9030089881405226
mills,2025-04-07,2025,0.2774050295897078
mills,2025-04-23,2025,0.3171434071929139
mills,2025-05-09,2025,0.3561983554728573
mills,2025-05-25,2025,0.3863044998376007
mills,2025-06-10,2025,0.6381908246032224
mills,2025-06-26,2025,0.8743759056102088
mills,2025-07-12,2025,0.8905507998854953
mills,2025-07-28,2025,0.9106762963595024
mitchell,2025-04-07,2025,0.2518888984199295
mitchell,2025-04-23,2025,0.2978140676685061
mitchell,2025-05-09,2025,0.3254992181928831
mitchell,2025-05-25,2025,0.346029285958581
mitchell,2025-06-10,2025,0.5808652683771245
mitchell,2025-06-26,2025,0.7895866705126257
mitchell,2025-07-12,2025,0.8768252195749253
mitchell,2025-07-28,2025,0.925760859023272
monona,2025-04-07,2025,0.2475791558763231
monona,2025-04-23,2025,0.2770663392172858
monona,2025-05-09,2025,0.3090558941861173
monona,2025-05-25,2025,0.351838956112857
monona,2025-06-10,2025,0.5521252650631469
monona,2025-06-26,2025,0.8661292310250975
monona,2025-07-12,2025,0.8835999733510391
monona,2025-07-28,2025,0.9133971215231542
monroe,2025-04-07,2025,0.3387039793549966
monroe,2025-04-23,2025,0.4640882423556168
monroe,2025-05-09,2025,0.494532175477833
monroe,2025-05-25,2025,0.5671933096374673
monroe,2025-06-10,2025,0.7385197814279544
monroe,2025-06-26,2025,0.8724050621135527
monroe,2025-07-12,2025,0.9056594006653016
monroe,2025-07-28,2025,0.8839180897498548
montgomery,2025-04-07,2025,0.3018799134212578
montgomery,2025-04-23,2025,0.3483594124627854
montgomery,2025-05-09,2025,0.3546904806505887
montgomery,2025-05-25,2025,0.4340319935994525
montgomery,2025-06-10,2025,0.65624473213947
montgomery,2025-06-26,2025,0.7412670726518585
montgomery,2025-07-12,2025,0.8824993333241351
montgomery,2025-07-28,2025,0.9112034419908638
muscatine,2025-04-07,2025,0.2864102636559583
muscatine,2025-04-23,2025,0.3446776025354193
muscatine,2025-05-09,2025,0.3588162968263872
muscatine,2025-05-25,2025,0.4432938978340033
muscatine,2025-06-10,2025,0.659053383868971
muscatine,2025-06-26,2025,0.8244006228545829
muscatine,2025-07-12,2025,0.9051504094205528
muscatine,2025-07-28,2025,0.9132359547574858
o'brien,2025-04-07,2025,0.2551155752069114
o'brien,2025-04-23,2025,0.294628733656046
o'brien,2025-05-09,2025,0.2816323665828042
o'brien,2025-05-25,2025,0.3787522835133173
o'brien,2025-06-10,2025,0.6039358526493757
o'brien,2025-06-26,2025,0.8670333373977288
o'brien,2025-07-12,2025,0.8908140625740889
o'brien,2025-07-28,2025,0.9223500320748595
osceola,2025-04-07,2025,0.2502904796504222
osceola,2025-04-23,2025,0.2871130320975499
osceola,2025-05-09,2025,0.2769757673712681
osceola,2025-05-25,2025,0.394077203900572
osceola,2025-06-10,2025,0.5690916769927674
osceola,2025-06-26,2025,0.8560479219419578
osceola,2025-07-12,2025,0.8884236288369771
osceola,2025-07-28,2025,0.9241508408673824
page,2025-04-07,2025,0.3189386694139627
page,2025-04-23,2025,0.3738926456954113
page,2025-05-09,2025,0.3766856650595042
page,2025-05-25,2025,0.4570484109254966
page,2025-06-10,2025,0.684929514323195
page,2025-06-26,2025,0.7433201439833602
page,2025-07-12,2025,0.8868835347179859
page,2025-07-28,2025,0.9115585214354316
palo alto,2025-04-07,2025,0.2490760508670365
palo alto,2025-04-23,2025,0.2793625867548857
palo alto,2025-05-09,2025,0.3221191041878838
palo alto,2025-05-25,2025,0.3918007809816447
palo alto,2025-06-10,2025,0.5874985062507256
palo alto,2025-06-26,2025,0.85226158749308
palo alto,2025-07-12,2025,0.8778992373020373
palo alto,2025-07-28,2025,0.9148375899673964
plymouth,2025-04-07,2025,0.2554836933086608
plymouth,2025-04-23,2025,0.2919385309988613
plymouth,2025-05-09,2025,0.2848117023636626
plymouth,2025-05-25,2025,0.3654249418284199
plymouth,2025-06-10,2025,0.5563341810673004
plymouth,2025-06-26,2025,0.8562434866219001
plymouth,2025-07-12,2025,0.8975863518690705
plymouth,2025-07-28,2025,0.9263755961237448
pocahontas,2025-04-07,2025,0.2440201537841181
pocahontas,2025-04-23,2025,0.2710057555491944
pocahontas,2025-05-09,2025,0.2992525072673466
pocahontas,2025-05-25,2025,0.3718502724274763
pocahontas,2025-06-10,2025,0.6069619149524345
pocahontas,2025-06-26,2025,0.8677827502463835
pocahontas,2025-07-12,2025,0.9020472460545876
pocahontas,2025-07-28,2025,0.9220873221068504
polk,2025-04-07,2025,0.2897388993630389
polk,2025-04-23,2025,0.3550754265347593
polk,2025-05-09,2025,0.3855666195144883
polk,2025-05-25,2025,0.4695177871045832
polk,2025-06-10,2025,0.6818840704099732
polk,2025-06-26,2025,0.8696781772759072
polk,2025-07-12,2025,0.887640955405292
polk,2025-07-28,2025,0.8729446614036857
pottawattamie,2025-04-07,2025,0.2754260110798368
pottawattamie,2025-04-23,2025,0.3135751332222795
pottawattamie,2025-05-09,2025,0.3495110035999167
pottawattamie,2025-05-25,2025,0.3744269804014091
pottawattamie,2025-06-10,2025,0.5878179853191144
pottawattamie,2025-06-26,2025,0.839277313097661
pottawattamie,2025-07-12,2025,0.8901341381200593
pottawattamie,2025-07-28,2025,0.911600376860272
poweshiek,2025-04-07,2025,0.2775429356114077
poweshiek,2025-04-23,2025,0.3589676636258602
poweshiek,2025-05-09,2025,0.3727450971817947
poweshiek,2025-05-25,2025,0.41585054090381
poweshiek,2025-06-10,2025,0.7072872877576808
poweshiek,2025-06-26,2025,0.8669777708785723
poweshiek,2025-07-12,2025,0.9137332360715792
poweshiek,2025-07-28,2025,0.9143588349195376
ringgold,2025-04-07,2025,0.3692360752086161
ringgold,2025-04-23,2025,0.4335109471322229
ringgold,2025-05-09,2025,0.5141093160781148
ringgold,2025-05-25,2025,0.5579095655697187
ringgold,2025-06-10,2025,0.6956533779907883
ringgold,2025-06-26,2025,0.799605883311478
ringgold,2025-07-12,2025,0.8856621417962289
ringgold,2025-07-28,2025,0.8619024987696079
sac,2025-04-07,2025,0.2515979805441506
sac,2025-04-23,2025,0.285694608917315
sac,2025-05-09,2025,0.2964793658177397
sac,2025-05-25,2025,0.3634846362400444
sac,2025-06-10,2025,0.5872345705751087
sac,2025-06-26,2025,0.8658175142058819
sac,2025-07-12,2025,0.8957255363032791
sac,2025-07-28,2025,0.9202690505954688
scott,2025-04-07,2025,0.2751099333979087
scott,2025-04-23,2025,0.334819908272447
scott,2025-05-09,2025,0.3455109053981272
scott,2025-05-25,2025,0.4464745220888523
scott,2025-06-10,2025,0.6798971699588946
scott,2025-06-26,2025,0.832405924126303
scott,2025-07-12,2025,0.900390314086105
scott,2025-07-28,2025,0.8968197733969712
shelby,2025-04-07,2025,0.2525675951582789
shelby,2025-04-23,2025,0.2895028267270796
shelby,2025-05-09,2025,0.3188825536777512
shelby,2025-05-25,2025,0.3649983595562114
shelby,2025-06-10,2025,0.5625451791144683
shelby,2025-06-26,2025,0.8552044845656152
shelby,2025-07-12,2025,0.8995516001882875
shelby,2025-07-28,2025,0.9178272890492816
sioux,2025-04-07,2025,0.2723260452190311
sioux,2025-04-23,2025,0.3123952856325109
sioux,2025-05-09,2025,0.2943383662513281
sioux,2025-05-25,2025,0.3903833051507527
sioux,2025-06-10,2025,0.6174266556008535
sioux,2025-06-26,2025,0.8681894918037572
sioux,2025-07-12,2025,0.9018792526220232
sioux,2025-07-28,2025,0.9104991798880514
story,2025-04-07,2025,0.2543224485025138
story,2025-04-23,2025,0.3225768481109525
story,2025-05-09,2025,0.34432624917131
story,2025-05-25,2025,0.4204768876689115
story,2025-06-10,2025,0.6742482527837593
story,2025-06-26,2025,0.8789834419442212
story,2025-07-12,2025,0.901339586595588
story,2025-07-28,2025,0.8881053210751135
tama,2025-04-07,2025,0.2548329943878454
tama,2025-04-23,2025,0.3334632799010604
tama,2025-05-09,2025,0.3477423190662587
tama,2025-05-25,2025,0.3601170320350626
tama,2025-06-10,2025,0.6506140205687191
tama,2025-06-26,2025,0.8395537536244411
tama,2025-07-12,2025,0.9009302066819012
tama,2025-07-28,2025,0.8968171702247677
taylor,2025-04-07,2025,0.3426258383798098
taylor,2025-04-23,2025,0.400756441962896
taylor,2025-05-09,2025,0.4325380735578624
taylor,2025-05-25,2025,0.513315689731776
taylor,2025-06-10,2025,0.6711849522290212
taylor,2025-06-26,2025,0.763606514065414
taylor,2025-07-12,2025,0.8896915657896125
taylor,2025-07-28,2025,0.8883867805753505
union,2025-04-07,2025,0.3422615723694618
union,2025-04-23,2025,0.4037858062080301
union,2025-05-09,2025,0.4140706157150898
union,2025-05-25,2025,0.5105123001031556
union,2025-06-10,2025,0.6534793741199815
union,2025-06-26,2025,0.7682455258710923
union,2025-07-12,2025,0.892228860764124
union,2025-07-28,2025,0.858815373891943
van buren,2025-04-07,2025,0.3244772521718764
van buren,2025-04-23,2025,0.4292505831997376
van buren,2025-05-09,2025,0.4423580401130051
van buren,2025-05-25,2025,0.5405976284205046
van buren,2025-06-10,2025,0.6934371863443872
van buren,2025-06-26,2025,0.8285721650703299
van buren,2025-07-12,2025,0.9012731955721676
van buren,2025-07-28,2025,0.9044839891591252
wapello,2025-04-07,2025,0.3018309583788823
wapello,2025-04-23,2025,0.3784226904273043
wapello,2025-05-09,2025,0.3997418117166795
wapello,2025-05-25,2025,0.5153849839453334
wapello,2025-06-10,2025,0.7467734496960506
wapello,2025-06-26,2025,0.8731431512527082
wapello,2025-07-12,2025,0.9110027751781952
wapello,2025-07-28,2025,0.9082660474056384
warren,2025-04-07,2025,0.3148578472729214
warren,2025-04-23,2025,0.4119412732149087
warren,2025-05-09,2025,0.4460402348225057
warren,2025-05-25,2025,0.5213185477183961
warren,2025-06-10,2025,0.6635645629411621
warren,2025-06-26,2025,0.8571979484721002
warren,2025-07-12,2025,0.8889307800666782
warren,2025-07-28,2025,0.8726635801139513
washington,2025-04-07,2025,0.2988934456784189
washington,2025-04-23,2025,0.3744543094701342
washington,2025-05-09,2025,0.3824291753922206
washington,2025-05-25,2025,0.4643058508893388
washington,2025-06-10,2025,0.6881410021894934
washington,2025-06-26,2025,0.8375913938381371
washington,2025-07-12,2025,0.890552194405346
washington,2025-07-28,2025,0.9086004461952766
wayne,2025-04-07,2025,0.32039395678221
wayne,2025-04-23,2025,0.4113823175016027
wayne,2025-05-09,2025,0.4429235648513386
wayne,2025-05-25,2025,0.5491661027151848
wayne,2025-06-10,2025,0.7304303241539705
wayne,2025-06-26,2025,0.8616070360394793
wayne,2025-07-12,2025,0.8937764296015975
wayne,2025-07-28,2025,0.8912414596790103
webster,2025-04-07,2025,0.2540142256483346
webster,2025-04-23,2025,0.287224386603067
webster,2025-05-09,2025,0.3128510350058581
webster,2025-05-25,2025,0.4048184814083967
webster,2025-06-10,2025,0.6366565929040463
webster,2025-06-26,2025,0.8822795466241129
webster,2025-07-12,2025,0.901512949774632
webster,2025-07-28,2025,0.9209380568887402
winnebago,2025-04-07,2025,0.2405540675190288
winnebago,2025-04-23,2025,0.2787621305340546
winnebago,2025-05-09,2025,0.3114252751523961
winnebago,2025-05-25,2025,0.3765348148104751
winnebago,2025-06-10,2025,0.6062152748887193
winnebago,2025-06-26,2025,0.838008001587925
winnebago,2025-07-12,2025,0.8944512748809075
winnebago,2025-07-28,2025,0.9194453932604032
winneshiek,2025-04-07,2025,0.2585741085847661
winneshiek,2025-04-23,2025,0.351872409067208
winneshiek,2025-05-09,2025,0.3696710999442387
winneshiek,2025-05-25,2025,0.4297764835866164
winneshiek,2025-06-10,2025,0.6324401498151981
winneshiek,2025-06-26,2025,0.8031864457709451
winneshiek,2025-07-12,2025,0.8714579381165193
winneshiek,2025-07-28,2025,0.8790864998544295
woodbury,2025-04-07,2025,0.2476234394536472
woodbury,2025-04-23,2025,0.2842744477244526
woodbury,2025-05-09,2025,0.2876502100770154
woodbury,2025-05-25,2025,0.3424072440562353
woodbury,2025-06-10,2025,0.5270744803523262
woodbury,2025-06-26,2025,0.8539125484775117
woodbury,2025-07-12,2025,0.8860796589919447
woodbury,2025-07-28,2025,0.9224973637425466
worth,2025-04-07,2025,0.2420598167343974
worth,2025-04-23,2025,0.2833968563804264
worth,2025-05-09,2025,0.3206100626602834
worth,2025-05-25,2025,0.3695960716842374
worth,2025-06-10,2025,0.5234951006136057
worth,2025-06-26,2025,0.7040797707568376
worth,2025-07-12,2025,0.8813810257820583
worth,2025-07-28,2025,0.9147543835424872
wright,2025-04-07,2025,0.2521105246570428
wright,2025-04-23,2025,0.2894052925768038
wright,2025-05-09,2025,0.3103309382796702
wright,2025-05-25,2025,0.3600152728964839
wright,2025-06-10,2025,0.5808958208300498
wright,2025-06-26,2025,0.7547357446445537
wright,2025-07-12,2025,0.8704971597899683
wright,2025-07-28,2025,0.8965252063864857
